po_number,supplier_id,order_date,promised_delivery_date,actual_delivery_date,ordered_qty,received_qty,defect_qty,unit_cost
PO-00001,S001,2025-10-14,2025-10-26,2025-10-24,3220,3223,57,34.92
PO-00002,S001,2025-11-15,2025-11-23,2025-11-21,3925,3963,50,10.15
PO-00003,S001,2025-11-24,2025-12-04,2025-12-03,4289,4299,87,30.16
PO-00004,S001,2025-12-07,2025-12-17,2025-12-16,251,254,3,43.4
PO-00005,S001,2025-12-09,2025-12-17,2025-12-14,4292,4336,48,40.28
PO-00006,S001,2025-12-20,2025-12-29,2025-12-27,2091,2112,25,9.05
PO-00007,S001,2026-01-21,2026-02-01,2026-01-31,3613,3639,69,25.08
PO-00008,S001,2026-01-25,2026-02-02,2026-01-30,1577,1617,3,10.31
PO-00009,S001,2026-02-11,2026-02-20,2026-02-21,4813,4907,58,37.26
PO-00010,S001,2026-02-17,2026-02-28,2026-02-26,488,494,0,18.77
PO-00011,S001,2026-03-07,2026-03-15,2026-03-14,966,967,10,24.44
PO-00012,S001,2026-03-18,2026-03-27,2026-03-26,564,491,8,27.23
PO-00013,S001,2026-03-19,2026-03-30,2026-03-29,808,757,7,46.63
PO-00014,S001,2026-03-21,2026-04-02,2026-04-01,3101,2948,17,40.22
PO-00015,S001,2026-05-31,2026-06-10,2026-06-08,2484,2499,15,26.31
PO-00016,S001,2026-06-05,2026-06-17,2026-06-15,2770,2776,68,45.33
PO-00017,S001,2026-06-11,2026-06-21,2026-06-19,2814,2542,37,37.71
PO-00018,S001,2026-06-27,2026-07-09,2026-07-09,3111,3156,27,21.69
PO-00019,S001,2026-07-10,2026-07-22,2026-07-20,4060,4117,76,28.18
PO-00020,S001,2026-07-19,2026-07-31,2026-08-05,1354,1271,4,45.13
PO-00021,S001,2026-07-29,2026-08-06,2026-08-10,3768,3842,65,34.77
PO-00022,S001,2026-07-29,2026-08-08,2026-08-06,3709,3777,10,10.52
PO-00023,S001,2026-08-20,2026-08-31,2026-08-31,851,870,4,18.96
PO-00024,S001,2026-09-17,2026-09-29,2026-10-03,3909,3377,93,10.93
PO-00025,S002,2025-11-12,2025-11-23,2025-11-22,2820,2912,246,23.86
PO-00026,S002,2025-11-13,2025-11-21,2025-11-26,4834,5046,261,5.8
PO-00027,S002,2025-11-15,2025-11-26,2025-12-02,634,515,15,44.05
PO-00028,S002,2025-12-10,2025-12-21,2025-12-20,682,551,0,25.43
PO-00029,S002,2026-01-11,2026-01-20,2026-01-18,1259,1328,291,8.0
PO-00030,S002,2026-01-16,2026-01-26,2026-01-25,1042,854,100,12.45
PO-00031,S002,2026-02-21,2026-03-05,2026-03-04,852,698,47,12.86
PO-00032,S002,2026-03-26,2026-04-07,2026-04-27,361,279,23,44.38
PO-00033,S002,2026-04-01,2026-04-12,2026-04-12,2516,1591,247,23.73
PO-00034,S002,2026-04-29,2026-05-07,2026-05-04,1930,1716,235,7.34
PO-00035,S002,2026-05-28,2026-06-07,2026-06-07,4201,4341,249,40.08
PO-00036,S002,2026-06-09,2026-06-21,2026-06-30,3721,2931,442,25.83
PO-00037,S002,2026-06-17,2026-06-25,2026-06-24,3233,2683,0,23.76
PO-00038,S002,2026-06-25,2026-07-06,2026-07-03,2574,2072,61,18.36
PO-00039,S002,2026-07-19,2026-07-28,2026-08-13,4285,3277,536,34.37
PO-00040,S002,2026-09-01,2026-09-11,2026-09-20,3854,2778,65,36.27
PO-00041,S002,2026-09-02,2026-09-13,2026-09-25,4767,3119,359,47.12
PO-00042,S002,2026-09-12,2026-09-23,2026-09-23,4798,5016,555,40.78
PO-00043,S003,2025-10-31,2025-11-12,2025-11-10,3923,3923,35,37.3
PO-00044,S003,2025-11-02,2025-11-14,2025-11-14,1427,1456,14,35.87
PO-00045,S003,2025-11-10,2025-11-22,2025-11-19,2326,2355,0,24.9
PO-00046,S003,2025-11-11,2025-11-19,2025-11-17,3717,3803,20,17.78
PO-00047,S003,2025-11-21,2025-12-02,2025-11-29,621,625,3,9.07
PO-00048,S003,2025-11-25,2025-12-06,2025-12-06,1304,1307,10,45.98
PO-00049,S003,2025-11-30,2025-12-09,2025-12-09,277,240,0,41.07
PO-00050,S003,2025-12-30,2026-01-11,2026-01-08,1299,1303,7,36.42
PO-00051,S003,2026-01-05,2026-01-13,2026-01-11,296,300,2,43.3
PO-00052,S003,2026-01-21,2026-01-31,2026-01-28,359,362,4,32.52
PO-00053,S003,2026-01-28,2026-02-05,2026-02-02,3119,2823,0,12.79
PO-00054,S003,2026-02-08,2026-02-17,2026-02-14,1944,1952,9,30.76
PO-00055,S003,2026-02-15,2026-02-27,2026-02-24,4735,4805,39,34.22
PO-00056,S003,2026-02-28,2026-03-10,2026-03-10,2362,2408,27,11.03
PO-00057,S003,2026-03-07,2026-03-17,2026-03-14,1593,1598,8,23.53
PO-00058,S003,2026-03-18,2026-03-26,2026-03-24,4750,4772,20,26.34
PO-00059,S003,2026-03-27,2026-04-06,2026-04-03,2905,2917,12,34.36
PO-00060,S003,2026-04-07,2026-04-18,2026-04-16,1779,1779,23,28.07
PO-00061,S003,2026-04-18,2026-04-28,2026-04-27,4443,4446,20,40.99
PO-00062,S003,2026-04-23,2026-05-02,2026-04-30,1981,1994,16,7.5
PO-00063,S003,2026-04-25,2026-05-05,2026-05-04,1737,1753,0,5.66
PO-00064,S003,2026-05-02,2026-05-12,2026-05-12,2134,2149,1,21.42
PO-00065,S003,2026-05-05,2026-05-14,2026-05-19,2302,2313,1,22.45
PO-00066,S003,2026-05-11,2026-05-22,2026-05-20,152,153,1,12.47
PO-00067,S003,2026-05-27,2026-06-06,2026-06-07,4197,4253,19,25.17
PO-00068,S003,2026-05-31,2026-06-12,2026-06-10,4193,4259,17,13.14
PO-00069,S003,2026-06-22,2026-07-03,2026-07-03,318,320,1,31.39
PO-00070,S003,2026-07-04,2026-07-15,2026-07-13,1417,1421,6,35.16
PO-00071,S003,2026-07-04,2026-07-13,2026-07-12,384,387,3,43.0
PO-00072,S003,2026-07-08,2026-07-17,2026-07-15,3476,3487,10,43.26
PO-00073,S003,2026-07-17,2026-07-29,2026-07-28,2544,2567,12,46.28
PO-00074,S003,2026-08-22,2026-09-02,2026-09-01,141,141,0,25.17
PO-00075,S003,2026-09-03,2026-09-12,2026-09-09,3032,2697,6,33.52
PO-00076,S003,2026-09-05,2026-09-16,2026-09-16,4407,4423,0,48.34
PO-00077,S004,2025-10-13,2025-10-20,2025-10-20,369,326,30,10.99
PO-00078,S004,2025-10-29,2025-11-04,2025-11-09,3725,3752,190,9.71
PO-00079,S004,2025-11-09,2025-11-17,2025-11-29,4763,4830,263,13.54
PO-00080,S004,2025-11-13,2025-11-20,2025-11-23,2133,1271,77,9.26
PO-00081,S004,2026-01-12,2026-01-21,2026-01-18,1446,1494,161,5.79
PO-00082,S004,2026-02-02,2026-02-09,2026-03-09,3616,2990,219,9.05
PO-00083,S004,2026-02-26,2026-03-03,2026-03-04,4988,4146,699,2.88
PO-00084,S004,2026-03-08,2026-03-13,2026-03-11,1819,1582,140,5.81
PO-00085,S004,2026-03-17,2026-03-23,2026-03-23,4800,4930,313,13.56
PO-00086,S004,2026-03-26,2026-04-01,2026-03-29,4465,4442,523,10.15
PO-00087,S004,2026-04-18,2026-04-27,2026-04-27,1282,990,192,8.86
PO-00088,S004,2026-04-19,2026-04-25,2026-05-13,3980,2785,153,12.4
PO-00089,S004,2026-05-25,2026-06-02,2026-06-10,4522,4725,274,14.37
PO-00090,S004,2026-06-23,2026-07-01,2026-06-30,784,803,34,4.44
PO-00091,S004,2026-06-23,2026-06-28,2026-06-28,2330,1657,113,2.56
PO-00092,S004,2026-06-29,2026-07-07,2026-07-05,4499,3398,236,6.83
PO-00093,S004,2026-07-09,2026-07-17,2026-07-15,649,649,45,7.85
PO-00094,S004,2026-07-11,2026-07-16,2026-07-14,2800,2808,377,4.39
PO-00095,S004,2026-07-15,2026-07-23,2026-07-27,1733,1280,32,7.45
PO-00096,S004,2026-07-18,2026-07-24,2026-08-05,3057,2378,208,3.64
PO-00097,S004,2026-08-11,2026-08-16,2026-08-13,642,661,91,9.26
PO-00098,S004,2026-09-01,2026-09-09,2026-09-09,1475,1498,93,12.98
PO-00099,S004,2026-09-17,2026-09-26,2026-09-23,4602,2927,485,6.06
PO-00100,S004,2026-09-20,2026-09-28,2026-09-28,2786,2890,319,5.45
PO-00101,S004,2026-09-23,2026-10-01,2026-10-01,246,195,10,11.15
PO-00102,S004,2026-09-23,2026-10-02,2026-10-24,3569,3714,299,3.01
PO-00103,S005,2025-09-30,2025-10-08,2025-10-13,4628,4094,165,6.71
PO-00104,S005,2025-10-05,2025-10-12,2025-10-12,4459,4481,183,14.46
PO-00105,S005,2025-10-05,2025-10-11,2025-10-08,4607,4714,0,11.27
PO-00106,S005,2025-10-17,2025-10-26,2025-11-02,2123,2236,97,8.98
PO-00107,S005,2025-11-14,2025-11-21,2025-11-21,4529,4610,130,3.86
PO-00108,S005,2025-12-01,2025-12-08,2025-12-07,1130,1170,39,6.52
PO-00109,S005,2025-12-22,2025-12-31,2025-12-29,3082,3126,173,14.1
PO-00110,S005,2025-12-30,2026-01-06,2026-01-04,1756,1756,74,10.58
PO-00111,S005,2026-01-06,2026-01-12,2026-01-09,4779,4476,151,13.33
PO-00112,S005,2026-01-14,2026-01-20,2026-01-18,4880,4937,168,1.63
PO-00113,S005,2026-02-20,2026-02-25,2026-02-22,4800,4982,0,4.53
PO-00114,S005,2026-04-02,2026-04-07,2026-04-14,1544,1573,18,14.34
PO-00115,S005,2026-04-12,2026-04-19,2026-04-16,4712,4948,0,9.63
PO-00116,S005,2026-04-19,2026-04-25,2026-04-24,910,791,45,9.18
PO-00117,S005,2026-04-23,2026-04-30,2026-04-29,4254,4263,136,3.9
PO-00118,S005,2026-04-30,2026-05-06,2026-05-23,1241,1050,13,3.51
PO-00119,S005,2026-05-04,2026-05-13,2026-05-10,2304,1822,108,13.24
PO-00120,S005,2026-05-04,2026-05-12,2026-05-10,3627,3152,53,13.43
PO-00121,S005,2026-05-09,2026-05-15,2026-05-21,1482,1494,45,2.84
PO-00122,S005,2026-05-13,2026-05-20,2026-05-17,4766,4923,204,8.76
PO-00123,S005,2026-05-29,2026-06-07,2026-06-04,4384,3671,197,9.51
PO-00124,S005,2026-06-03,2026-06-08,2026-06-08,2062,2076,0,12.46
PO-00125,S005,2026-06-20,2026-06-29,2026-06-28,4212,4310,86,5.79
PO-00126,S005,2026-07-02,2026-07-07,2026-07-25,365,377,14,7.13
PO-00127,S005,2026-07-31,2026-08-08,2026-08-08,111,112,2,7.42
PO-00128,S005,2026-08-13,2026-08-21,2026-08-18,3959,4008,56,11.17
PO-00129,S005,2026-08-16,2026-08-24,2026-08-22,3333,3363,150,5.8
PO-00130,S005,2026-08-22,2026-08-29,2026-08-26,4932,4608,193,11.49
PO-00131,S005,2026-09-25,2026-10-04,2026-10-09,3779,2877,209,11.34
PO-00132,S005,2026-09-26,2026-10-04,2026-10-04,2852,2859,108,6.87
PO-00133,S006,2025-10-06,2025-10-14,2025-10-14,2756,2766,0,4.57
PO-00134,S006,2025-11-01,2025-11-07,2025-11-06,3618,3636,23,6.6
PO-00135,S006,2025-11-13,2025-11-22,2025-11-22,3090,3115,22,5.51
PO-00136,S006,2025-11-15,2025-11-24,2025-11-23,2269,2288,8,13.93
PO-00137,S006,2025-11-18,2025-11-26,2025-11-26,4893,4903,26,7.73
PO-00138,S006,2025-12-10,2025-12-18,2025-12-16,3070,3074,19,6.74
PO-00139,S006,2025-12-28,2026-01-05,2026-01-04,4098,4124,20,5.71
PO-00140,S006,2026-01-07,2026-01-14,2026-01-14,1249,1263,5,14.98
PO-00141,S006,2026-01-10,2026-01-15,2026-01-15,854,878,3,14.73
PO-00142,S006,2026-01-26,2026-02-03,2026-01-31,2984,2987,11,2.57
PO-00143,S006,2026-01-31,2026-02-08,2026-02-07,964,970,5,10.61
PO-00144,S006,2026-02-24,2026-03-04,2026-03-08,3298,3314,26,5.46
PO-00145,S006,2026-03-08,2026-03-14,2026-03-12,1128,1140,8,12.65
PO-00146,S006,2026-05-26,2026-05-31,2026-05-31,2141,2173,9,7.88
PO-00147,S006,2026-05-28,2026-06-03,2026-06-03,2892,2902,18,1.95
PO-00148,S006,2026-05-30,2026-06-08,2026-06-05,102,102,0,10.13
PO-00149,S006,2026-05-30,2026-06-07,2026-06-07,229,231,1,12.47
PO-00150,S006,2026-06-02,2026-06-07,2026-06-05,2032,2033,10,8.06
PO-00151,S006,2026-07-10,2026-07-17,2026-07-17,1614,1623,8,2.66
PO-00152,S006,2026-08-09,2026-08-15,2026-08-13,963,973,5,14.87
PO-00153,S006,2026-08-27,2026-09-05,2026-09-02,979,979,9,13.22
PO-00154,S007,2025-09-29,2025-10-18,2025-10-23,1140,1142,33,153.31
PO-00155,S007,2025-10-08,2025-10-31,2025-10-31,1766,1799,12,79.95
PO-00156,S007,2025-10-17,2025-11-06,2025-11-04,1114,1121,16,260.88
PO-00157,S007,2025-10-23,2025-11-11,2025-11-09,1297,1303,30,77.51
PO-00158,S007,2025-12-08,2025-12-27,2025-12-29,3527,3410,0,54.15
PO-00159,S007,2025-12-18,2026-01-06,2026-01-10,606,613,4,132.35
PO-00160,S007,2026-01-01,2026-01-24,2026-01-22,4748,4788,48,294.02
PO-00161,S007,2026-01-05,2026-01-25,2026-01-23,1519,1526,12,55.85
PO-00162,S007,2026-01-12,2026-02-04,2026-02-01,1046,856,5,120.43
PO-00163,S007,2026-01-21,2026-02-12,2026-02-10,4023,4132,56,112.19
PO-00164,S007,2026-02-16,2026-03-10,2026-03-10,2882,2895,25,109.8
PO-00165,S007,2026-02-28,2026-03-23,2026-03-21,2707,2748,44,80.07
PO-00166,S007,2026-03-25,2026-04-13,2026-04-13,3802,3850,81,187.27
PO-00167,S007,2026-04-07,2026-04-26,2026-04-25,3317,3336,31,21.29
PO-00168,S007,2026-04-18,2026-05-11,2026-05-11,3434,3445,89,258.6
PO-00169,S007,2026-04-21,2026-05-11,2026-05-09,2315,2361,35,124.46
PO-00170,S007,2026-04-22,2026-05-11,2026-05-08,1424,1432,0,170.22
PO-00171,S007,2026-04-23,2026-05-13,2026-05-15,4830,4900,76,124.85
PO-00172,S007,2026-05-06,2026-05-25,2026-05-22,2576,2672,16,138.99
PO-00173,S007,2026-05-26,2026-06-16,2026-06-13,2146,1806,16,99.63
PO-00174,S007,2026-06-02,2026-06-24,2026-06-27,1588,1623,42,65.75
PO-00175,S007,2026-06-15,2026-07-07,2026-07-06,3973,3312,58,80.01
PO-00176,S007,2026-06-24,2026-07-16,2026-07-15,1023,1039,24,133.4
PO-00177,S007,2026-07-02,2026-07-22,2026-07-27,4063,4228,55,140.13
PO-00178,S007,2026-07-27,2026-08-15,2026-08-13,1101,1139,20,217.62
PO-00179,S007,2026-07-28,2026-08-18,2026-08-17,4524,3859,13,52.9
PO-00180,S008,2025-10-22,2025-11-10,2025-11-24,1156,1255,81,128.18
PO-00181,S008,2025-11-02,2025-11-25,2025-11-22,2018,1790,172,144.9
PO-00182,S008,2025-11-14,2025-12-03,2025-12-10,4660,4426,750,81.24
PO-00183,S008,2025-11-24,2025-12-14,2025-12-15,2627,2170,152,37.73
PO-00184,S008,2025-12-07,2025-12-26,2026-01-09,1056,846,89,244.16
PO-00185,S008,2026-01-11,2026-02-03,2026-02-25,3127,2715,508,142.6
PO-00186,S008,2026-01-20,2026-02-11,2026-02-11,1695,1303,192,202.89
PO-00187,S008,2026-02-20,2026-03-14,2026-04-01,4059,4150,278,72.61
PO-00188,S008,2026-03-10,2026-03-30,2026-03-29,2538,2047,121,298.55
PO-00189,S008,2026-04-12,2026-05-01,2026-05-07,2482,2262,337,198.53
PO-00190,S008,2026-04-16,2026-05-08,2026-06-01,349,355,23,250.22
PO-00191,S008,2026-04-24,2026-05-16,2026-06-08,3276,3502,295,117.35
PO-00192,S008,2026-06-14,2026-07-05,2026-07-11,3346,2554,326,161.61
PO-00193,S008,2026-07-16,2026-08-04,2026-08-05,3709,3721,499,195.51
PO-00194,S008,2026-07-28,2026-08-16,2026-08-26,3761,3447,211,75.35
PO-00195,S008,2026-07-30,2026-08-19,2026-08-31,1527,1563,64,120.15
PO-00196,S008,2026-08-02,2026-08-24,2026-08-22,2006,1608,81,217.41
PO-00197,S008,2026-08-11,2026-08-31,2026-08-29,2457,2542,290,145.51
PO-00198,S008,2026-08-29,2026-09-19,2026-09-19,1764,1441,150,87.46
PO-00199,S008,2026-09-08,2026-09-28,2026-10-25,999,755,93,123.4
PO-00200,S008,2026-09-15,2026-10-05,2026-10-04,3839,3990,259,262.81
PO-00201,S008,2026-09-17,2026-10-09,2026-10-19,4994,5058,667,42.72
PO-00202,S008,2026-09-20,2026-10-12,2026-10-28,177,137,17,254.25
PO-00203,S009,2025-10-20,2025-11-08,2025-11-08,3901,3903,40,79.66
PO-00204,S009,2025-11-19,2025-12-11,2025-12-16,121,85,6,246.78
PO-00205,S009,2025-11-29,2025-12-21,2025-12-18,1758,1274,42,134.81
PO-00206,S009,2025-12-02,2025-12-24,2025-12-25,2679,2709,276,132.94
PO-00207,S009,2025-12-08,2025-12-30,2026-01-23,4965,5134,722,76.16
PO-00208,S009,2025-12-09,2025-12-31,2025-12-29,2372,1861,129,244.76
PO-00209,S009,2025-12-20,2026-01-11,2026-01-09,680,581,61,82.91
PO-00210,S009,2025-12-23,2026-01-12,2026-01-26,1353,1077,126,79.06
PO-00211,S009,2026-01-03,2026-01-22,2026-02-12,1315,1013,133,105.62
PO-00212,S009,2026-01-03,2026-01-26,2026-02-08,3052,3151,0,143.54
PO-00213,S009,2026-01-04,2026-01-23,2026-02-02,4924,5281,587,86.73
PO-00214,S009,2026-01-07,2026-01-29,2026-02-09,2575,2203,123,89.08
PO-00215,S009,2026-01-15,2026-02-05,2026-02-13,1339,1030,0,222.11
PO-00216,S009,2026-01-21,2026-02-11,2026-03-14,2022,2131,292,46.27
PO-00217,S009,2026-02-01,2026-02-21,2026-02-20,4390,3757,284,294.39
PO-00218,S009,2026-02-22,2026-03-15,2026-03-15,1322,953,93,252.29
PO-00219,S009,2026-02-23,2026-03-17,2026-03-15,1178,1197,166,35.46
PO-00220,S009,2026-03-04,2026-03-25,2026-04-07,1806,1319,72,229.92
PO-00221,S009,2026-03-05,2026-03-26,2026-04-02,1362,1045,60,88.8
PO-00222,S009,2026-04-20,2026-05-12,2026-05-09,1767,1774,0,168.85
PO-00223,S009,2026-05-08,2026-05-31,2026-06-08,399,324,17,117.88
PO-00224,S009,2026-06-03,2026-06-25,2026-07-06,1389,1413,77,67.36
PO-00225,S009,2026-06-04,2026-06-27,2026-06-24,541,461,79,40.74
PO-00226,S009,2026-07-15,2026-08-03,2026-08-10,749,750,57,198.77
PO-00227,S009,2026-07-22,2026-08-12,2026-08-19,2658,2417,171,243.04
PO-00228,S009,2026-07-23,2026-08-14,2026-08-12,3800,3950,443,259.79
PO-00229,S009,2026-07-30,2026-08-19,2026-08-19,3848,2804,120,274.74
PO-00230,S009,2026-08-04,2026-08-23,2026-09-12,1545,1624,307,194.59
PO-00231,S009,2026-08-13,2026-09-05,2026-09-10,761,785,23,134.53
PO-00232,S009,2026-08-19,2026-09-09,2026-09-06,1720,1743,145,152.32
PO-00233,S009,2026-08-28,2026-09-18,2026-10-08,3635,2847,75,226.5
PO-00234,S009,2026-09-06,2026-09-29,2026-09-27,2626,2307,261,151.13
PO-00235,S009,2026-09-10,2026-10-03,2026-10-17,4814,4490,357,140.94
PO-00236,S009,2026-09-16,2026-10-06,2026-10-15,3869,3886,206,66.86
PO-00237,S009,2026-09-27,2026-10-18,2026-10-17,2036,1614,0,273.62
PO-00238,S010,2025-12-12,2025-12-26,2025-12-25,3425,3455,52,30.76
PO-00239,S010,2025-12-19,2026-01-03,2026-01-04,376,382,4,44.8
PO-00240,S010,2025-12-29,2026-01-11,2026-01-09,3313,3346,64,73.99
PO-00241,S010,2026-01-02,2026-01-18,2026-01-15,602,608,3,17.9
PO-00242,S010,2026-01-05,2026-01-17,2026-01-16,4475,3983,84,70.44
PO-00243,S010,2026-01-11,2026-01-26,2026-01-23,4060,4133,22,64.35
PO-00244,S010,2026-01-17,2026-02-01,2026-02-01,2438,2497,54,48.74
PO-00245,S010,2026-01-24,2026-02-07,2026-02-06,1694,1721,29,99.16
PO-00246,S010,2026-03-08,2026-03-22,2026-03-19,603,613,0,14.68
PO-00247,S010,2026-03-30,2026-04-15,2026-04-12,895,909,9,32.15
PO-00248,S010,2026-04-01,2026-04-15,2026-04-19,1587,1588,26,116.72
PO-00249,S010,2026-04-09,2026-04-25,2026-04-27,1038,1017,26,77.62
PO-00250,S010,2026-04-09,2026-04-23,2026-04-22,2902,2966,15,90.28
PO-00251,S010,2026-04-16,2026-04-28,2026-04-28,3641,3673,21,50.59
PO-00252,S010,2026-04-21,2026-05-05,2026-05-03,1175,1190,32,33.68
PO-00253,S010,2026-04-29,2026-05-15,2026-05-15,1079,1092,4,38.37
PO-00254,S010,2026-05-20,2026-06-05,2026-06-04,4937,5071,42,47.37
PO-00255,S010,2026-07-01,2026-07-14,2026-07-11,3796,3897,36,67.21
PO-00256,S010,2026-07-17,2026-08-01,2026-07-29,2287,2297,22,107.36
PO-00257,S010,2026-07-29,2026-08-13,2026-08-11,1426,1436,25,25.38
PO-00258,S010,2026-08-05,2026-08-17,2026-08-16,2130,2140,34,77.58
PO-00259,S010,2026-08-08,2026-08-21,2026-08-19,3822,3074,60,53.35
PO-00260,S010,2026-08-25,2026-09-06,2026-09-03,1951,1974,24,66.66
PO-00261,S010,2026-09-04,2026-09-19,2026-09-17,3716,3746,64,76.15
PO-00262,S010,2026-09-23,2026-10-05,2026-10-05,1495,1497,15,117.91
PO-00263,S010,2026-09-23,2026-10-08,2026-10-05,4803,4551,114,11.79
PO-00264,S010,2026-09-25,2026-10-09,2026-10-06,4229,4309,134,62.24
PO-00265,S010,2026-09-26,2026-10-08,2026-10-05,3657,3659,33,56.6
PO-00266,S010,2026-09-28,2026-10-14,2026-10-18,4936,4941,15,59.31
PO-00267,S011,2025-10-10,2025-10-25,2025-10-25,2681,2698,85,77.44
PO-00268,S011,2025-10-13,2025-10-25,2025-10-22,4645,4044,22,36.43
PO-00269,S011,2025-11-13,2025-11-26,2025-11-24,1826,1556,56,47.29
PO-00270,S011,2025-11-15,2025-11-28,2025-11-26,539,495,19,118.99
PO-00271,S011,2025-12-04,2025-12-17,2025-12-17,4014,3299,129,102.87
PO-00272,S011,2025-12-06,2025-12-20,2025-12-31,696,708,13,20.38
PO-00273,S011,2025-12-11,2025-12-26,2026-01-03,277,281,8,97.91
PO-00274,S011,2025-12-16,2025-12-28,2025-12-27,4298,3599,155,14.67
PO-00275,S011,2025-12-25,2026-01-09,2026-01-07,4858,4864,181,108.31
PO-00276,S011,2026-01-03,2026-01-16,2026-01-16,1706,1734,63,65.29
PO-00277,S011,2026-01-09,2026-01-21,2026-01-18,3081,3147,117,116.67
PO-00278,S011,2026-01-17,2026-01-31,2026-02-09,2933,2449,129,100.01
PO-00279,S011,2026-02-01,2026-02-17,2026-02-15,1390,1465,63,89.31
PO-00280,S011,2026-02-03,2026-02-16,2026-02-13,985,830,28,82.92
PO-00281,S011,2026-02-05,2026-02-21,2026-02-19,4691,4747,199,74.64
PO-00282,S011,2026-02-07,2026-02-20,2026-02-19,2407,1858,90,111.46
PO-00283,S011,2026-02-18,2026-03-02,2026-03-02,658,668,15,49.07
PO-00284,S011,2026-02-19,2026-03-06,2026-03-04,1607,1609,73,17.39
PO-00285,S011,2026-03-18,2026-03-30,2026-03-27,3303,2761,0,114.48
PO-00286,S011,2026-03-28,2026-04-13,2026-04-19,3767,2747,128,42.66
PO-00287,S011,2026-04-10,2026-04-26,2026-04-23,2762,2865,89,78.96
PO-00288,S011,2026-04-25,2026-05-08,2026-05-05,1792,1798,66,74.63
PO-00289,S011,2026-05-08,2026-05-21,2026-05-21,702,711,18,86.82
PO-00290,S011,2026-06-02,2026-06-18,2026-07-01,192,192,7,65.84
PO-00291,S011,2026-06-04,2026-06-16,2026-06-17,3031,3036,56,105.6
PO-00292,S011,2026-06-15,2026-06-30,2026-06-27,2825,2031,83,56.22
PO-00293,S011,2026-06-16,2026-06-28,2026-06-25,3552,3242,111,94.06
PO-00294,S011,2026-06-17,2026-07-02,2026-06-30,1532,1557,9,43.84
PO-00295,S011,2026-06-28,2026-07-13,2026-07-11,456,389,23,114.38
PO-00296,S011,2026-07-20,2026-08-04,2026-08-14,1276,1306,55,57.43
PO-00297,S011,2026-08-06,2026-08-20,2026-08-19,4500,4571,173,29.88
PO-00298,S011,2026-08-07,2026-08-22,2026-08-20,1446,1499,38,13.59
PO-00299,S011,2026-08-23,2026-09-04,2026-09-01,2076,1749,0,32.99
PO-00300,S011,2026-09-05,2026-09-17,2026-09-14,2160,2161,126,25.24
PO-00301,S011,2026-09-20,2026-10-04,2026-10-01,3479,3637,201,17.61
PO-00302,S012,2025-10-07,2025-10-19,2025-10-19,3457,3471,41,67.36
PO-00303,S012,2025-10-17,2025-10-30,2025-10-28,3511,3595,24,105.93
PO-00304,S012,2025-10-19,2025-11-01,2025-10-31,755,762,0,26.57
PO-00305,S012,2025-10-23,2025-11-06,2025-11-03,1547,1560,13,17.9
PO-00306,S012,2025-10-24,2025-11-08,2025-11-06,3804,3811,28,119.04
PO-00307,S012,2025-10-31,2025-11-16,2025-11-14,2569,2586,18,92.84
PO-00308,S012,2025-11-22,2025-12-04,2025-12-02,4048,4054,24,46.28
PO-00309,S012,2025-12-23,2026-01-06,2026-01-06,4552,4574,58,21.8
PO-00310,S012,2026-01-12,2026-01-28,2026-01-28,2685,2706,5,31.78
PO-00311,S012,2026-03-03,2026-03-18,2026-03-18,850,854,2,79.48
PO-00312,S012,2026-03-22,2026-04-07,2026-04-04,4158,4222,15,86.7
PO-00313,S012,2026-03-26,2026-04-07,2026-04-07,1033,1033,0,27.64
PO-00314,S012,2026-03-30,2026-04-14,2026-04-13,2743,2775,10,54.47
PO-00315,S012,2026-04-17,2026-05-03,2026-05-02,1791,1796,5,78.72
PO-00316,S012,2026-06-20,2026-07-05,2026-07-02,3070,3079,12,106.03
PO-00317,S012,2026-06-21,2026-07-05,2026-07-04,2053,2083,17,75.28
PO-00318,S012,2026-07-16,2026-07-30,2026-07-28,1759,1800,0,67.17
PO-00319,S012,2026-07-29,2026-08-11,2026-08-09,3935,4018,13,65.57
PO-00320,S012,2026-07-30,2026-08-11,2026-08-11,618,624,3,94.98
PO-00321,S012,2026-08-06,2026-08-22,2026-08-22,4625,4638,37,111.56
PO-00322,S012,2026-08-09,2026-08-24,2026-08-23,2658,2678,20,64.85
PO-00323,S012,2026-08-18,2026-08-30,2026-08-27,3885,3906,15,113.44
PO-00324,S012,2026-09-25,2026-10-11,2026-10-08,2708,2735,9,23.14
PO-00325,S013,2025-10-05,2025-10-08,2025-10-15,1716,1720,91,168.9
PO-00326,S013,2025-11-21,2025-11-24,2025-11-21,2684,2728,55,161.88
PO-00327,S013,2025-11-23,2025-11-30,2025-11-28,1287,1343,32,292.47
PO-00328,S013,2025-11-27,2025-12-02,2025-11-29,1385,1398,85,287.41
PO-00329,S013,2025-12-16,2025-12-19,2025-12-18,3416,3457,245,279.25
PO-00330,S013,2025-12-20,2025-12-26,2026-01-03,3327,3423,160,266.97
PO-00331,S013,2025-12-22,2025-12-27,2025-12-27,4308,3521,107,342.67
PO-00332,S013,2026-02-10,2026-02-14,2026-02-11,1828,1868,44,207.88
PO-00333,S013,2026-04-17,2026-04-20,2026-04-20,3861,3875,221,369.66
PO-00334,S013,2026-04-22,2026-04-27,2026-04-24,4690,4728,134,209.86
PO-00335,S013,2026-04-30,2026-05-07,2026-05-12,598,619,28,172.93
PO-00336,S013,2026-05-13,2026-05-16,2026-05-21,2687,2707,0,119.12
PO-00337,S013,2026-05-15,2026-05-20,2026-06-03,4578,4700,331,376.14
PO-00338,S013,2026-05-17,2026-05-24,2026-05-21,2170,2249,101,134.46
PO-00339,S013,2026-05-20,2026-05-27,2026-05-24,4183,4215,75,212.54
PO-00340,S013,2026-06-08,2026-06-15,2026-06-12,4132,3272,109,251.2
PO-00341,S013,2026-07-28,2026-08-01,2026-08-01,4159,4185,201,346.22
PO-00342,S013,2026-07-31,2026-08-07,2026-08-16,1247,1268,77,188.05
PO-00343,S013,2026-08-24,2026-08-31,2026-08-30,619,474,16,187.93
PO-00344,S013,2026-08-27,2026-09-01,2026-08-29,2858,2905,20,213.55
PO-00345,S013,2026-08-28,2026-09-04,2026-09-03,2291,2376,49,225.34
PO-00346,S013,2026-09-13,2026-09-16,2026-10-01,2413,2150,145,103.72
PO-00347,S014,2025-10-10,2025-10-15,2025-10-17,206,213,5,274.98
PO-00348,S014,2025-11-28,2025-12-03,2025-12-05,1573,1216,21,226.11
PO-00349,S014,2025-12-25,2025-12-29,2026-01-06,2171,2191,30,193.62
PO-00350,S014,2025-12-31,2026-01-05,2026-01-03,3729,3738,99,362.52
PO-00351,S014,2026-01-11,2026-01-18,2026-01-15,1069,938,42,113.53
PO-00352,S014,2026-02-15,2026-02-20,2026-02-18,3562,3688,164,111.24
PO-00353,S014,2026-02-17,2026-02-21,2026-02-21,2421,2037,0,61.53
PO-00354,S014,2026-02-19,2026-02-25,2026-02-22,3647,3722,125,329.13
PO-00355,S014,2026-04-03,2026-04-10,2026-04-10,2675,2696,46,85.18
PO-00356,S014,2026-04-11,2026-04-17,2026-04-14,455,457,14,344.39
PO-00357,S014,2026-06-01,2026-06-08,2026-06-08,1567,1589,53,174.15
PO-00358,S014,2026-06-07,2026-06-13,2026-06-12,2618,2200,125,86.16
PO-00359,S014,2026-06-25,2026-06-28,2026-06-27,1639,1658,45,377.24
PO-00360,S014,2026-07-25,2026-07-29,2026-07-28,4195,3860,30,346.31
PO-00361,S014,2026-08-12,2026-08-15,2026-08-14,4266,4286,371,222.36
PO-00362,S014,2026-08-14,2026-08-18,2026-08-16,3019,2888,163,305.86
PO-00363,S014,2026-08-14,2026-08-20,2026-08-17,207,211,9,59.9
PO-00364,S014,2026-09-10,2026-09-13,2026-09-12,1484,1520,74,150.73
PO-00365,S014,2026-09-24,2026-09-30,2026-09-29,4404,4451,239,127.0
PO-00366,S015,2025-10-15,2025-10-20,2025-10-17,4191,3682,143,62.68
PO-00367,S015,2025-10-22,2025-10-25,2025-10-28,182,154,8,146.1
PO-00368,S015,2025-12-14,2025-12-17,2025-12-15,2692,2269,22,242.39
PO-00369,S015,2025-12-19,2025-12-23,2025-12-24,1712,1277,39,94.4
PO-00370,S015,2025-12-22,2025-12-25,2026-01-21,818,879,32,391.08
PO-00371,S015,2025-12-27,2026-01-01,2026-01-16,1099,830,76,398.97
PO-00372,S015,2026-01-05,2026-01-10,2026-01-30,1957,1451,70,296.54
PO-00373,S015,2026-01-22,2026-01-29,2026-02-16,831,675,100,349.04
PO-00374,S015,2026-01-24,2026-01-31,2026-02-24,268,212,14,71.0
PO-00375,S015,2026-02-11,2026-02-14,2026-02-19,2989,2651,52,122.67
PO-00376,S015,2026-02-13,2026-02-20,2026-03-08,2859,2442,70,135.62
PO-00377,S015,2026-02-14,2026-02-20,2026-02-21,154,158,16,196.4
PO-00378,S015,2026-02-27,2026-03-02,2026-03-23,1689,1704,178,101.78
PO-00379,S015,2026-03-05,2026-03-10,2026-03-15,4575,3694,178,389.43
PO-00380,S015,2026-03-05,2026-03-12,2026-03-24,593,436,23,250.85
PO-00381,S015,2026-03-06,2026-03-13,2026-03-21,998,707,57,336.83
PO-00382,S015,2026-03-07,2026-03-10,2026-04-06,3304,3526,343,84.83
PO-00383,S015,2026-03-12,2026-03-18,2026-03-17,3752,3218,292,263.64
PO-00384,S015,2026-03-15,2026-03-19,2026-03-25,787,612,9,279.29
PO-00385,S015,2026-03-16,2026-03-20,2026-03-20,4898,3504,153,135.7
PO-00386,S015,2026-04-08,2026-04-12,2026-04-11,2043,2144,302,312.79
PO-00387,S015,2026-05-01,2026-05-07,2026-05-05,4457,4671,468,298.13
PO-00388,S015,2026-05-21,2026-05-27,2026-05-27,2953,2440,0,215.98
PO-00389,S015,2026-05-24,2026-05-28,2026-06-13,2133,1373,26,182.3
PO-00390,S015,2026-05-28,2026-05-31,2026-06-06,1925,1323,63,266.23
PO-00391,S015,2026-06-05,2026-06-09,2026-06-07,1003,1004,52,317.65
PO-00392,S015,2026-06-24,2026-06-29,2026-06-30,2292,1857,94,137.04
PO-00393,S015,2026-06-28,2026-07-02,2026-07-02,4142,4306,252,103.08
PO-00394,S015,2026-07-02,2026-07-08,2026-07-07,1422,1449,229,358.98
PO-00395,S015,2026-07-06,2026-07-10,2026-07-08,4578,2809,335,55.69
PO-00396,S015,2026-07-13,2026-07-18,2026-08-04,2741,2763,160,263.84
PO-00397,S015,2026-07-22,2026-07-28,2026-08-06,1269,1051,63,316.33
PO-00398,S015,2026-07-23,2026-07-27,2026-07-27,1105,791,78,356.19
PO-00399,S015,2026-07-27,2026-07-30,2026-08-01,4588,3523,153,186.6
PO-00400,S015,2026-09-06,2026-09-12,2026-09-10,4698,4074,379,274.33
